Name, Phone, AltPhone, Address, City State Zip, Email, Pet1, Pet2, Pet3, Pet4, Pet5
Khuber Dokhil,413.330.8688,,388 Summerhouse St,"Watertown, NY,13601",samuelly@bbclogistics.org,"FM, ~6m, ,Mischief",,,,
Gikvod Stormfire,573.728.8153,,597 Lancester St,"Carthage, NY,13619",,"FF, <1y?, ,Hazel","CM, 1y, 75#, Thor",,,
Virgen Nev,822.287.7403,,302 South Brewery Ave,"Boonville, NY,13309",yacht777@jobmegov.com,"FM, 6m, ,Orion","FF, 6m, Chance",,,
Lorth Clanfall,967.525.9915,315.854.1556,63 York Rd,"Fayetteville, NY,13066",1faststang@gmaive.com,"CF, 7m, 11#, Athena",,,,
Bin Glurdersk,912.627.7882,,243 King Blvd,"North Bangor, NY,12966",aigylishca@lsouth.net,"CM, 2y, 90#, Rex","FM, 6m, Mister",,,
